"","match_id","league","home_team","away_team","score","detailed_score","match_datetime"
"1",912629,"England: Premier League","Everton","Chelsea","3:1","(2:1; 1:0)","2015-09-12 13:45:00"
"2",912912,"England: Premier League","Arsenal","Stoke City","2:0","(1:0; 1:0)","2015-09-12 16:00:00"
"3",912913,"England: Premier League","Crystal Palace","Manchester City","0:1","(0:0; 0:1)","2015-09-12 16:00:00"
"4",912914,"England: Premier League","Norwich","Bournemouth","3:1","(1:0; 2:1)","2015-09-12 16:00:00"
"5",912915,"England: Premier League","Watford","Swansea","1:0","(0:0; 1:0)","2015-09-12 16:00:00"
"6",912916,"England: Premier League","West Brom","Southampton","0:0","(0:0; 0:0)","2015-09-12 16:00:00"
"7",913394,"England: Premier League","Manchester United","Liverpool","3:1","(0:0; 3:1)","2015-09-12 18:30:00"
"8",920468,"England: Premier League","Sunderland","Tottenham","0:1","(0:0; 0:1)","2015-09-13 14:30:00"
"9",920864,"England: Premier League","Leicester","Aston Villa","3:2","(0:1; 3:1)","2015-09-13 17:00:00"
"10",929989,"England: Premier League","West Ham","Newcastle Utd","2:0","(1:0; 1:0)","2015-09-14 21:00:00"
"11",961452,"England: Premier League","Chelsea","Arsenal","2:0","(0:0; 2:0)","2015-09-19 13:45:00"
"12",961792,"England: Premier League","Aston Villa","West Brom","0:1","(0:1; 0:0)","2015-09-19 16:00:00"
"13",961793,"England: Premier League","Bournemouth","Sunderland","2:0","(2:0; 0:0)","2015-09-19 16:00:00"
"14",961794,"England: Premier League","Newcastle Utd","Watford","1:2","(0:2; 1:0)","2015-09-19 16:00:00"
"15",961795,"England: Premier League","Stoke City","Leicester","2:2","(2:0; 0:2)","2015-09-19 16:00:00"
"16",961796,"England: Premier League","Swansea","Everton","0:0","(0:0; 0:0)","2015-09-19 16:00:00"
"17",962148,"England: Premier League","Manchester City","West Ham","1:2","(1:2; 0:0)","2015-09-19 18:30:00"
"18",970041,"England: Premier League","Tottenham","Crystal Palace","1:0","(0:0; 1:0)","2015-09-20 14:30:00"
"19",970457,"England: Premier League","Liverpool","Norwich","1:1","(0:0; 1:1)","2015-09-20 17:00:00"
"20",970458,"England: Premier League","Southampton","Manchester United","2:3","(1:1; 1:2)","2015-09-20 17:00:00"
"21",1011108,"England: Premier League","Tottenham","Manchester City","4:1","(1:1; 3:0)","2015-09-26 13:45:00"
"22",1011421,"England: Premier League","Leicester","Arsenal","2:5","(1:2; 1:3)","2015-09-26 16:00:00"
"23",1011422,"England: Premier League","Liverpool","Aston Villa","3:2","(1:0; 2:2)","2015-09-26 16:00:00"
"24",1011423,"England: Premier League","Manchester United","Sunderland","3:0","(1:0; 2:0)","2015-09-26 16:00:00"
"25",1011424,"England: Premier League","Southampton","Swansea","3:1","(1:0; 2:1)","2015-09-26 16:00:00"
"26",1011425,"England: Premier League","Stoke City","Bournemouth","2:1","(1:0; 1:1)","2015-09-26 16:00:00"
"27",1011426,"England: Premier League","West Ham","Norwich","2:2","(1:1; 1:1)","2015-09-26 16:00:00"
"28",1011797,"England: Premier League","Newcastle Utd","Chelsea","2:2","(1:0; 1:2)","2015-09-26 18:30:00"
"29",1020180,"England: Premier League","Watford","Crystal Palace","0:1","(0:0; 0:1)","2015-09-27 17:00:00"
"30",1030535,"England: Premier League","West Brom","Everton","2:3","(1:0; 1:3)","2015-09-28 21:00:00"
"31",1068545,"England: Premier League","Crystal Palace","West Brom","2:0","(0:0; 2:0)","2015-10-03 13:45:00"
"32",1068964,"England: Premier League","Aston Villa","Stoke City","0:1","(0:0; 0:1)","2015-10-03 16:00:00"
"33",1068965,"England: Premier League","Bournemouth","Watford","1:1","(1:1; 0:0)","2015-10-03 16:00:00"
"34",1068966,"England: Premier League","Manchester City","Newcastle Utd","6:1","(1:1; 5:0)","2015-10-03 16:00:00"
"35",1068967,"England: Premier League","Norwich","Leicester","1:2","(0:1; 1:1)","2015-10-03 16:00:00"
"36",1068968,"England: Premier League","Sunderland","West Ham","2:2","(2:1; 0:1)","2015-10-03 16:00:00"
"37",1069400,"England: Premier League","Chelsea","Southampton","1:3","(1:1; 0:2)","2015-10-03 18:30:00"
"38",1081290,"England: Premier League","Everton","Liverpool","1:1","(1:1; 0:0)","2015-10-04 14:30:00"
"39",1081678,"England: Premier League","Arsenal","Manchester United","3:0","(3:0; 0:0)","2015-10-04 17:00:00"
"40",1081679,"England: Premier League","Swansea","Tottenham","2:2","(2:1; 0:1)","2015-10-04 17:00:00"
"41",1193897,"England: Premier League","Tottenham","Liverpool","0:0","(0:0; 0:0)","2015-10-17 13:45:00"
"42",1194216,"England: Premier League","Chelsea","Aston Villa","2:0","(1:0; 1:0)","2015-10-17 16:00:00"
"43",1194217,"England: Premier League","Crystal Palace","West Ham","1:3","(1:1; 0:2)","2015-10-17 16:00:00"
"44",1194218,"England: Premier League","Everton","Manchester United","0:3","(0:2; 0:1)","2015-10-17 16:00:00"
"45",1194219,"England: Premier League","Manchester City","Bournemouth","5:1","(4:1; 1:0)","2015-10-17 16:00:00"
"46",1194220,"England: Premier League","Southampton","Leicester","2:2","(2:0; 0:2)","2015-10-17 16:00:00"
"47",1194221,"England: Premier League","West Brom","Sunderland","1:0","(0:0; 1:0)","2015-10-17 16:00:00"
"48",1194535,"England: Premier League","Watford","Arsenal","0:3","(0:0; 0:3)","2015-10-17 18:30:00"
"49",1204659,"England: Premier League","Newcastle Utd","Norwich","6:2","(3:2; 3:0)","2015-10-18 17:00:00"
"50",1211756,"England: Premier League","Swansea","Stoke City","0:1","(0:1; 0:0)","2015-10-19 21:00:00"
"51",1212224,"England: Premier League","Everton","Sunderland","6:2","(2:1; 4:1)","2015-11-01 14:30:00"
"52",1212476,"England: Premier League","Southampton","Bournemouth","2:0","(2:0; 0:0)","2015-11-01 17:00:00"
"53",1212714,"England: Premier League","Tottenham","Aston Villa","3:1","(2:0; 1:1)","2015-11-02 21:00:00"
"54",1239291,"England: Premier League","Bournemouth","Newcastle Utd","0:1","(0:1; 0:0)","2015-11-07 13:45:00"
"55",1239558,"England: Premier League","Leicester","Watford","2:1","(0:0; 2:1)","2015-11-07 16:00:00"
"56",1239559,"England: Premier League","Manchester United","West Brom","2:0","(0:0; 2:0)","2015-11-07 16:00:00"
"57",1239560,"England: Premier League","Norwich","Swansea","1:0","(0:0; 1:0)","2015-11-07 16:00:00"
"58",1239561,"England: Premier League","Sunderland","Southampton","0:1","(0:0; 0:1)","2015-11-07 16:00:00"
"59",1239562,"England: Premier League","West Ham","Everton","1:1","(1:1; 0:0)","2015-11-07 16:00:00"
"60",1239828,"England: Premier League","Stoke City","Chelsea","1:0","(0:0; 1:0)","2015-11-07 18:30:00"
"61",1251372,"England: Premier League","Aston Villa","Manchester City","0:0","(0:0; 0:0)","2015-11-08 14:30:00"
"62",1251645,"England: Premier League","Arsenal","Tottenham","1:1","(0:1; 1:0)","2015-11-08 17:00:00"
"63",1251646,"England: Premier League","Liverpool","Crystal Palace","1:2","(1:1; 0:1)","2015-11-08 17:00:00"
"64",1334286,"England: Premier League","Watford","Manchester United","1:2","(0:1; 1:1)","2015-11-21 13:45:00"
"65",1334497,"England: Premier League","Chelsea","Norwich","1:0","(0:0; 1:0)","2015-11-21 16:00:00"
"66",1334498,"England: Premier League","Everton","Aston Villa","4:0","(3:0; 1:0)","2015-11-21 16:00:00"
"67",1334499,"England: Premier League","Newcastle Utd","Leicester","0:3","(0:1; 0:2)","2015-11-21 16:00:00"
"68",1334500,"England: Premier League","Southampton","Stoke City","0:1","(0:1; 0:0)","2015-11-21 16:00:00"
"69",1334501,"England: Premier League","Swansea","Bournemouth","2:2","(2:2; 0:0)","2015-11-21 16:00:00"
"70",1334502,"England: Premier League","West Brom","Arsenal","2:1","(2:1; 0:0)","2015-11-21 16:00:00"
"71",1334757,"England: Premier League","Manchester City","Liverpool","1:4","(1:3; 0:1)","2015-11-21 18:30:00"
"72",1341360,"England: Premier League","Tottenham","West Ham","4:1","(2:0; 2:1)","2015-11-22 17:00:00"
"73",1347121,"England: Premier League","Crystal Palace","Sunderland","0:1","(0:0; 0:1)","2015-11-23 21:00:00"
"74",1376395,"England: Premier League","Aston Villa","Watford","2:3","(1:1; 1:2)","2015-11-28 16:00:00"
"75",1376396,"England: Premier League","Bournemouth","Everton","3:3","(0:2; 3:1)","2015-11-28 16:00:00"
"76",1376397,"England: Premier League","Crystal Palace","Newcastle Utd","5:1","(3:1; 2:0)","2015-11-28 16:00:00"
"77",1376398,"England: Premier League","Manchester City","Southampton","3:1","(2:0; 1:1)","2015-11-28 16:00:00"
"78",1376399,"England: Premier League","Sunderland","Stoke City","2:0","(0:0; 2:0)","2015-11-28 16:00:00"
"79",1376656,"England: Premier League","Leicester","Manchester United","1:1","(1:1; 0:0)","2015-11-28 18:30:00"
"80",1382295,"England: Premier League","Tottenham","Chelsea","0:0","(0:0; 0:0)","2015-11-29 13:00:00"
"81",1382592,"England: Premier League","West Ham","West Brom","1:1","(1:0; 0:1)","2015-11-29 15:05:00"
"82",1382705,"England: Premier League","Liverpool","Swansea","1:0","(0:0; 1:0)","2015-11-29 17:15:00"
"83",1382706,"England: Premier League","Norwich","Arsenal","1:1","(1:1; 0:0)","2015-11-29 17:15:00"
"84",1415069,"England: Premier League","Stoke City","Manchester City","2:0","(2:0; 0:0)","2015-12-05 13:45:00"
"85",1415244,"England: Premier League","Arsenal","Sunderland","3:1","(1:1; 2:0)","2015-12-05 16:00:00"
"86",1415245,"England: Premier League","Manchester United","West Ham","0:0","(0:0; 0:0)","2015-12-05 16:00:00"
"87",1415246,"England: Premier League","Southampton","Aston Villa","1:1","(0:1; 1:0)","2015-12-05 16:00:00"
"88",1415247,"England: Premier League","Swansea","Leicester","0:3","(0:2; 0:1)","2015-12-05 16:00:00"
"89",1415248,"England: Premier League","Watford","Norwich","2:0","(1:0; 1:0)","2015-12-05 16:00:00"
"90",1415249,"England: Premier League","West Brom","Tottenham","1:1","(1:1; 0:0)","2015-12-05 16:00:00"
"91",1415467,"England: Premier League","Chelsea","Bournemouth","0:1","(0:0; 0:1)","2015-12-05 18:30:00"
"92",1423095,"England: Premier League","Newcastle Utd","Liverpool","2:0","(0:0; 2:0)","2015-12-06 17:00:00"
"93",1430970,"England: Premier League","Everton","Crystal Palace","1:1","(0:0; 1:1)","2015-12-07 21:00:00"
"94",1459700,"England: Premier League","Norwich","Everton","1:1","(0:1; 1:0)","2015-12-12 13:45:00"
"95",1459857,"England: Premier League","Crystal Palace","Southampton","1:0","(1:0; 0:0)","2015-12-12 16:00:00"
"96",1459858,"England: Premier League","Manchester City","Swansea","2:1","(1:0; 1:1)","2015-12-12 16:00:00"
"97",1459859,"England: Premier League","Sunderland","Watford","0:1","(0:1; 0:0)","2015-12-12 16:00:00"
"98",1459860,"England: Premier League","West Ham","Stoke City","0:0","(0:0; 0:0)","2015-12-12 16:00:00"
"99",1460086,"England: Premier League","Bournemouth","Manchester United","2:1","(1:1; 1:0)","2015-12-12 18:30:00"
"100",1465816,"England: Premier League","Aston Villa","Arsenal","0:2","(0:2; 0:0)","2015-12-13 14:30:00"
"101",1466030,"England: Premier League","Liverpool","West Brom","2:2","(1:1; 1:1)","2015-12-13 17:00:00"
"102",1466031,"England: Premier League","Tottenham","Newcastle Utd","1:2","(1:0; 0:2)","2015-12-13 17:00:00"
"103",1473063,"England: Premier League","Leicester","Chelsea","2:1","(1:0; 1:1)","2015-12-14 21:00:00"
"104",1502404,"England: Premier League","Chelsea","Sunderland","3:1","(2:0; 1:1)","2015-12-19 16:00:00"
"105",1502405,"England: Premier League","Everton","Leicester","2:3","(1:1; 1:2)","2015-12-19 16:00:00"
"106",1502406,"England: Premier League","Manchester United","Norwich","1:2","(0:1; 1:1)","2015-12-19 16:00:00"
"107",1502407,"England: Premier League","Southampton","Tottenham","0:2","(0:2; 0:0)","2015-12-19 16:00:00"
"108",1502408,"England: Premier League","Stoke City","Crystal Palace","1:2","(0:1; 1:1)","2015-12-19 16:00:00"
"109",1502409,"England: Premier League","West Brom","Bournemouth","1:2","(0:0; 1:2)","2015-12-19 16:00:00"
"110",1502638,"England: Premier League","Newcastle Utd","Aston Villa","1:1","(1:0; 0:1)","2015-12-19 18:30:00"
"111",1509726,"England: Premier League","Watford","Liverpool","3:0","(2:0; 1:0)","2015-12-20 14:30:00"
"112",1509920,"England: Premier League","Swansea","West Ham","0:0","(0:0; 0:0)","2015-12-20 17:00:00"
"113",1517560,"England: Premier League","Arsenal","Manchester City","2:1","(2:0; 0:1)","2015-12-21 21:00:00"
"114",1543396,"England: Premier League","Stoke City","Manchester United","2:0","(2:0; 0:0)","2015-12-26 13:45:00"
"115",1543445,"England: Premier League","Aston Villa","West Ham","1:1","(0:1; 1:0)","2015-12-26 16:00:00"
"116",1543446,"England: Premier League","Bournemouth","Crystal Palace","0:0","(0:0; 0:0)","2015-12-26 16:00:00"
"117",1543447,"England: Premier League","Chelsea","Watford","2:2","(1:1; 1:1)","2015-12-26 16:00:00"
"118",1543448,"England: Premier League","Liverpool","Leicester","1:0","(0:0; 1:0)","2015-12-26 16:00:00"
"119",1543449,"England: Premier League","Manchester City","Sunderland","4:1","(3:0; 1:1)","2015-12-26 16:00:00"
"120",1543450,"England: Premier League","Swansea","West Brom","1:0","(1:0; 0:0)","2015-12-26 16:00:00"
"121",1543451,"England: Premier League","Tottenham","Norwich","3:0","(2:0; 1:0)","2015-12-26 16:00:00"
"122",1543598,"England: Premier League","Newcastle Utd","Everton","0:1","(0:0; 0:1)","2015-12-26 18:30:00"
"123",1543607,"England: Premier League","Southampton","Arsenal","4:0","(1:0; 3:0)","2015-12-26 20:45:00"
"124",1552880,"England: Premier League","Crystal Palace","Swansea","0:0","(0:0; 0:0)","2015-12-28 16:00:00"
"125",1552881,"England: Premier League","Everton","Stoke City","3:4","(1:2; 2:2)","2015-12-28 16:00:00"
"126",1552882,"England: Premier League","Norwich","Aston Villa","2:0","(1:0; 1:0)","2015-12-28 16:00:00"
"127",1552883,"England: Premier League","Watford","Tottenham","1:2","(1:1; 0:1)","2015-12-28 16:00:00"
"128",1552884,"England: Premier League","West Brom","Newcastle Utd","1:0","(0:0; 1:0)","2015-12-28 16:00:00"
"129",1552966,"England: Premier League","Arsenal","Bournemouth","2:0","(1:0; 1:0)","2015-12-28 18:30:00"
"130",1552967,"England: Premier League","Manchester United","Chelsea","0:0","(0:0; 0:0)","2015-12-28 18:30:00"
"131",1552968,"England: Premier League","West Ham","Southampton","2:1","(0:1; 2:0)","2015-12-28 18:30:00"
"132",1557740,"England: Premier League","Leicester","Manchester City","0:0","(0:0; 0:0)","2015-12-29 20:45:00"
"133",1562284,"England: Premier League","Sunderland","Liverpool","0:1","(0:0; 0:1)","2015-12-30 20:45:00"
"134",1581425,"England: Premier League","West Ham","Liverpool","2:0","(1:0; 1:0)","2016-01-02 13:45:00"
"135",1581461,"England: Premier League","Arsenal","Newcastle Utd","1:0","(0:0; 1:0)","2016-01-02 16:00:00"
"136",1581462,"England: Premier League","Leicester","Bournemouth","0:0","(0:0; 0:0)","2016-01-02 16:00:00"
"137",1581463,"England: Premier League","Manchester United","Swansea","2:1","(0:0; 2:1)","2016-01-02 16:00:00"
"138",1581464,"England: Premier League","Norwich","Southampton","1:0","(0:0; 1:0)","2016-01-02 16:00:00"
"139",1581465,"England: Premier League","Sunderland","Aston Villa","3:1","(1:0; 2:1)","2016-01-02 16:00:00"
"140",1581466,"England: Premier League","West Brom","Stoke City","2:1","(0:0; 2:1)","2016-01-02 16:00:00"
"141",1581645,"England: Premier League","Watford","Manchester City","1:2","(0:0; 1:2)","2016-01-02 18:30:00"
"142",1589105,"England: Premier League","Crystal Palace","Chelsea","0:3","(0:1; 0:2)","2016-01-03 14:30:00"
"143",1589185,"England: Premier League","Everton","Tottenham","1:1","(1:1; 0:0)","2016-01-03 17:00:00"
"144",1654677,"England: Premier League","Aston Villa","Crystal Palace","1:0","(0:0; 1:0)","2016-01-12 20:45:00"
"145",1654678,"England: Premier League","Bournemouth","West Ham","1:3","(1:0; 0:3)","2016-01-12 20:45:00"
"146",1654679,"England: Premier League","Newcastle Utd","Manchester United","3:3","(1:2; 2:1)","2016-01-12 20:45:00"
"147",1662514,"England: Premier League","Chelsea","West Brom","2:2","(1:1; 1:1)","2016-01-13 20:45:00"
"148",1662515,"England: Premier League","Manchester City","Everton","0:0","(0:0; 0:0)","2016-01-13 20:45:00"
"149",1662516,"England: Premier League","Southampton","Watford","2:0","(1:0; 1:0)","2016-01-13 20:45:00"
"150",1662517,"England: Premier League","Stoke City","Norwich","3:1","(0:0; 3:1)","2016-01-13 20:45:00"
"151",1662518,"England: Premier League","Swansea","Sunderland","2:4","(2:1; 0:3)","2016-01-13 20:45:00"
"152",1662520,"England: Premier League","Liverpool","Arsenal","3:3","(2:2; 1:1)","2016-01-13 21:00:00"
"153",1662521,"England: Premier League","Tottenham","Leicester","0:1","(0:0; 0:1)","2016-01-13 21:00:00"
"154",1681685,"England: Premier League","Tottenham","Sunderland","4:1","(1:1; 3:0)","2016-01-16 13:45:00"
"155",1681776,"England: Premier League","Bournemouth","Norwich","3:0","(1:0; 2:0)","2016-01-16 16:00:00"
"156",1681777,"England: Premier League","Chelsea","Everton","3:3","(0:0; 3:3)","2016-01-16 16:00:00"
"157",1681778,"England: Premier League","Manchester City","Crystal Palace","4:0","(2:0; 2:0)","2016-01-16 16:00:00"
"158",1681779,"England: Premier League","Newcastle Utd","West Ham","2:1","(2:0; 0:1)","2016-01-16 16:00:00"
"159",1681780,"England: Premier League","Southampton","West Brom","3:0","(2:0; 1:0)","2016-01-16 16:00:00"
"160",1681977,"England: Premier League","Aston Villa","Leicester","1:1","(0:1; 1:0)","2016-01-16 18:30:00"
"161",1689783,"England: Premier League","Liverpool","Manchester United","0:1","(0:0; 0:1)","2016-01-17 15:05:00"
"162",1689873,"England: Premier League","Stoke City","Arsenal","0:0","(0:0; 0:0)","2016-01-17 17:15:00"
"163",1697832,"England: Premier League","Swansea","Watford","1:0","(1:0; 0:0)","2016-01-18 21:00:00"
"164",1726928,"England: Premier League","Norwich","Liverpool","4:5","(2:1; 2:4)","2016-01-23 13:45:00"
"165",1727042,"England: Premier League","Crystal Palace","Tottenham","1:3","(1:0; 0:3)","2016-01-23 16:00:00"
"166",1727043,"England: Premier League","Leicester","Stoke City","3:0","(1:0; 2:0)","2016-01-23 16:00:00"
"167",1727044,"England: Premier League","Manchester United","Southampton","0:1","(0:0; 0:1)","2016-01-23 16:00:00"
"168",1727045,"England: Premier League","Sunderland","Bournemouth","1:1","(1:1; 0:0)","2016-01-23 16:00:00"
"169",1727046,"England: Premier League","Watford","Newcastle Utd","2:1","(0:0; 2:1)","2016-01-23 16:00:00"
"170",1727047,"England: Premier League","West Brom","Aston Villa","0:0","(0:0; 0:0)","2016-01-23 16:00:00"
"171",1727305,"England: Premier League","West Ham","Manchester City","2:2","(1:1; 1:1)","2016-01-23 18:30:00"
"172",1735051,"England: Premier League","Everton","Swansea","1:2","(1:2; 0:0)","2016-01-24 14:30:00"
"173",1735189,"England: Premier League","Arsenal","Chelsea","0:1","(0:1; 0:0)","2016-01-24 17:00:00"
"174",1794073,"England: Premier League","Arsenal","Southampton","0:0","(0:0; 0:0)","2016-02-02 20:45:00"
"175",1794074,"England: Premier League","Leicester","Liverpool","2:0","(0:0; 2:0)","2016-02-02 20:45:00"
"176",1794075,"England: Premier League","Norwich","Tottenham","0:3","(0:2; 0:1)","2016-02-02 20:45:00"
"177",1794076,"England: Premier League","Sunderland","Manchester City","0:1","(0:1; 0:0)","2016-02-02 20:45:00"
"178",1794077,"England: Premier League","West Ham","Aston Villa","2:0","(0:0; 2:0)","2016-02-02 20:45:00"
"179",1794704,"England: Premier League","Crystal Palace","Bournemouth","1:2","(1:1; 0:1)","2016-02-02 21:00:00"
"180",1794705,"England: Premier League","Manchester United","Stoke City","3:0","(2:0; 1:0)","2016-02-02 21:00:00"
"181",1794706,"England: Premier League","West Brom","Swansea","1:1","(0:0; 1:1)","2016-02-02 21:00:00"
"182",1799494,"England: Premier League","Everton","Newcastle Utd","3:0","(1:0; 2:0)","2016-02-03 20:45:00"
"183",1799495,"England: Premier League","Watford","Chelsea","0:0","(0:0; 0:0)","2016-02-03 20:45:00"
"184",1816740,"England: Premier League","Manchester City","Leicester","1:3","(0:1; 1:2)","2016-02-06 13:45:00"
"185",1816860,"England: Premier League","Aston Villa","Norwich","2:0","(1:0; 1:0)","2016-02-06 16:00:00"
"186",1816861,"England: Premier League","Liverpool","Sunderland","2:2","(0:0; 2:2)","2016-02-06 16:00:00"
"187",1816862,"England: Premier League","Newcastle Utd","West Brom","1:0","(1:0; 0:0)","2016-02-06 16:00:00"
"188",1816863,"England: Premier League","Stoke City","Everton","0:3","(0:3; 0:0)","2016-02-06 16:00:00"
"189",1816864,"England: Premier League","Swansea","Crystal Palace","1:1","(1:0; 0:1)","2016-02-06 16:00:00"
"190",1816865,"England: Premier League","Tottenham","Watford","1:0","(0:0; 1:0)","2016-02-06 16:00:00"
"191",1817087,"England: Premier League","Southampton","West Ham","1:0","(1:0; 0:0)","2016-02-06 18:30:00"
"192",1824661,"England: Premier League","Bournemouth","Arsenal","0:2","(0:2; 0:0)","2016-02-07 14:30:00"
"193",1824812,"England: Premier League","Chelsea","Manchester United","1:1","(0:0; 1:1)","2016-02-07 17:00:00"
"194",1866330,"England: Premier League","Sunderland","Manchester United","2:1","(1:1; 1:0)","2016-02-13 13:45:00"
"195",1866497,"England: Premier League","Bournemouth","Stoke City","1:3","(0:1; 1:2)","2016-02-13 16:00:00"
"196",1866498,"England: Premier League","Crystal Palace","Watford","1:2","(1:1; 0:1)","2016-02-13 16:00:00"
"197",1866499,"England: Premier League","Everton","West Brom","0:1","(0:1; 0:0)","2016-02-13 16:00:00"
"198",1866500,"England: Premier League","Norwich","West Ham","2:2","(0:0; 2:2)","2016-02-13 16:00:00"
"199",1866501,"England: Premier League","Swansea","Southampton","0:1","(0:0; 0:1)","2016-02-13 16:00:00"
"200",1866762,"England: Premier League","Chelsea","Newcastle Utd","5:1","(3:0; 2:1)","2016-02-13 18:30:00"
"201",1874411,"England: Premier League","Arsenal","Leicester","2:1","(0:1; 2:0)","2016-02-14 13:00:00"
"202",1874672,"England: Premier League","Aston Villa","Liverpool","0:6","(0:2; 0:4)","2016-02-14 15:05:00"
"203",1874797,"England: Premier League","Manchester City","Tottenham","1:2","(0:0; 1:2)","2016-02-14 17:15:00"
"204",2139358,"England: Premier League","West Ham","Sunderland","1:0","(1:0; 0:0)","2016-02-27 13:45:00"
"205",2139623,"England: Premier League","Leicester","Norwich","1:0","(0:0; 1:0)","2016-02-27 16:00:00"
"206",2139624,"England: Premier League","Southampton","Chelsea","1:2","(1:0; 0:2)","2016-02-27 16:00:00"
"207",2139625,"England: Premier League","Stoke City","Aston Villa","2:1","(0:0; 2:1)","2016-02-27 16:00:00"
"208",2139626,"England: Premier League","Watford","Bournemouth","0:0","(0:0; 0:0)","2016-02-27 16:00:00"
"209",2139888,"England: Premier League","West Brom","Crystal Palace","3:2","(3:0; 0:2)","2016-02-27 18:30:00"
"210",2147961,"England: Premier League","Manchester United","Arsenal","3:2","(2:1; 1:1)","2016-02-28 15:05:00"
"211",2147962,"England: Premier League","Tottenham","Swansea","2:1","(0:1; 2:0)","2016-02-28 15:05:00"
"212",2159613,"England: Premier League","Aston Villa","Everton","1:3","(0:2; 1:1)","2016-03-01 20:45:00"
"213",2159614,"England: Premier League","Bournemouth","Southampton","2:0","(1:0; 1:0)","2016-03-01 20:45:00"
"214",2159615,"England: Premier League","Leicester","West Brom","2:2","(2:1; 0:1)","2016-03-01 20:45:00"
"215",2159616,"England: Premier League","Norwich","Chelsea","1:2","(0:2; 1:0)","2016-03-01 20:45:00"
"216",2159617,"England: Premier League","Sunderland","Crystal Palace","2:2","(1:0; 1:2)","2016-03-01 20:45:00"
"217",2214591,"England: Premier League","Arsenal","Swansea","1:2","(1:1; 0:1)","2016-03-02 20:45:00"
"218",2214592,"England: Premier League","Stoke City","Newcastle Utd","1:0","(0:0; 1:0)","2016-03-02 20:45:00"
"219",2214593,"England: Premier League","West Ham","Tottenham","1:0","(1:0; 0:0)","2016-03-02 20:45:00"
"220",2214607,"England: Premier League","Liverpool","Manchester City","3:0","(2:0; 1:0)","2016-03-02 21:00:00"
"221",2214609,"England: Premier League","Manchester United","Watford","1:0","(0:0; 1:0)","2016-03-02 21:00:00"
"222",2676054,"England: Premier League","Tottenham","Arsenal","2:2","(0:1; 2:1)","2016-03-05 13:45:00"
"223",2676365,"England: Premier League","Chelsea","Stoke City","1:1","(1:0; 0:1)","2016-03-05 16:00:00"
"224",2676366,"England: Premier League","Everton","West Ham","2:3","(1:0; 1:3)","2016-03-05 16:00:00"
"225",2676368,"England: Premier League","Manchester City","Aston Villa","4:0","(0:0; 4:0)","2016-03-05 16:00:00"
"226",2676369,"England: Premier League","Newcastle Utd","Bournemouth","1:3","(0:1; 1:2)","2016-03-05 16:00:00"
"227",2676370,"England: Premier League","Southampton","Sunderland","1:1","(0:0; 1:1)","2016-03-05 16:00:00"
"228",2676371,"England: Premier League","Swansea","Norwich","1:0","(0:0; 1:0)","2016-03-05 16:00:00"
"229",2676750,"England: Premier League","Watford","Leicester","0:1","(0:0; 0:1)","2016-03-05 18:30:00"
"230",2836497,"England: Premier League","Crystal Palace","Liverpool","1:2","(0:0; 1:2)","2016-03-06 14:30:00"
"231",2836866,"England: Premier League","West Brom","Manchester United","1:0","(0:0; 1:0)","2016-03-06 17:00:00"
"232",3782897,"England: Premier League","Norwich","Manchester City","0:0","(0:0; 0:0)","2016-03-12 13:45:00"
"233",3783273,"England: Premier League","Bournemouth","Swansea","3:2","(1:1; 2:1)","2016-03-12 16:00:00"
"234",3783275,"England: Premier League","Stoke City","Southampton","1:2","(0:2; 1:0)","2016-03-12 16:00:00"
"235",3937446,"England: Premier League","Aston Villa","Tottenham","0:2","(0:1; 0:1)","2016-03-13 17:00:00"
"236",4085550,"England: Premier League","Leicester","Newcastle Utd","1:0","(1:0; 0:0)","2016-03-14 21:00:00"
"237",4821539,"England: Premier League","Everton","Arsenal","0:2","(0:2; 0:0)","2016-03-19 13:45:00"
"238",4821890,"England: Premier League","Chelsea","West Ham","2:2","(1:1; 1:1)","2016-03-19 16:00:00"
"239",4821891,"England: Premier League","Crystal Palace","Leicester","0:1","(0:1; 0:0)","2016-03-19 16:00:00"
"240",4821892,"England: Premier League","Watford","Stoke City","1:2","(0:1; 1:1)","2016-03-19 16:00:00"
"241",4821893,"England: Premier League","West Brom","Norwich","0:1","(0:0; 0:1)","2016-03-19 16:00:00"
"242",4822216,"England: Premier League","Swansea","Aston Villa","1:0","(0:0; 1:0)","2016-03-19 18:30:00"
"243",4986403,"England: Premier League","Newcastle Utd","Sunderland","1:1","(0:1; 1:0)","2016-03-20 14:30:00"
"244",4986404,"England: Premier League","Southampton","Liverpool","3:2","(0:2; 3:0)","2016-03-20 14:30:00"
"245",4986766,"England: Premier League","Manchester City","Manchester United","0:1","(0:1; 0:0)","2016-03-20 17:00:00"
"246",4986767,"England: Premier League","Tottenham","Bournemouth","3:0","(2:0; 1:0)","2016-03-20 17:00:00"
"247",6992577,"England: Premier League","Aston Villa","Chelsea","0:4","(0:2; 0:2)","2016-04-02 13:45:00"
"248",6992859,"England: Premier League","Arsenal","Watford","4:0","(2:0; 2:0)","2016-04-02 16:00:00"
"249",6992860,"England: Premier League","Bournemouth","Manchester City","0:4","(0:3; 0:1)","2016-04-02 16:00:00"
"250",6992862,"England: Premier League","Norwich","Newcastle Utd","3:2","(1:0; 2:2)","2016-04-02 16:00:00"
"251",6992863,"England: Premier League","Stoke City","Swansea","2:2","(1:0; 1:2)","2016-04-02 16:00:00"
"252",6992864,"England: Premier League","Sunderland","West Brom","0:0","(0:0; 0:0)","2016-04-02 16:00:00"
"253",6992865,"England: Premier League","West Ham","Crystal Palace","2:2","(2:1; 0:1)","2016-04-02 16:00:00"
"254",6993234,"England: Premier League","Liverpool","Tottenham","1:1","(0:0; 1:1)","2016-04-02 18:30:00"
"255",7148141,"England: Premier League","Leicester","Southampton","1:0","(1:0; 0:0)","2016-04-03 14:30:00"
"256",7148534,"England: Premier League","Manchester United","Everton","1:0","(0:0; 1:0)","2016-04-03 17:00:00"
"257",8058580,"England: Premier League","West Ham","Arsenal","3:3","(2:2; 1:1)","2016-04-09 13:45:00"
"258",8058876,"England: Premier League","Aston Villa","Bournemouth","1:2","(0:1; 1:1)","2016-04-09 16:00:00"
"259",8058877,"England: Premier League","Crystal Palace","Norwich","1:0","(0:0; 1:0)","2016-04-09 16:00:00"
"260",8058878,"England: Premier League","Southampton","Newcastle Utd","3:1","(2:0; 1:1)","2016-04-09 16:00:00"
"261",8058879,"England: Premier League","Swansea","Chelsea","1:0","(1:0; 0:0)","2016-04-09 16:00:00"
"262",8058880,"England: Premier League","Watford","Everton","1:1","(1:1; 0:0)","2016-04-09 16:00:00"
"263",8059278,"England: Premier League","Manchester City","West Brom","2:1","(1:1; 1:0)","2016-04-09 18:30:00"
"264",8220070,"England: Premier League","Sunderland","Leicester","0:2","(0:0; 0:2)","2016-04-10 14:30:00"
"265",8220461,"England: Premier League","Liverpool","Stoke City","4:1","(2:1; 2:0)","2016-04-10 17:00:00"
"266",8220462,"England: Premier League","Tottenham","Manchester United","3:0","(0:0; 3:0)","2016-04-10 17:00:00"
"267",8684575,"England: Premier League","Crystal Palace","Everton","0:0","(0:0; 0:0)","2016-04-13 21:00:00"
"268",9149278,"England: Premier League","Norwich","Sunderland","0:3","(0:1; 0:2)","2016-04-16 13:45:00"
"269",9149576,"England: Premier League","Everton","Southampton","1:1","(0:0; 1:1)","2016-04-16 16:00:00"
"270",9149577,"England: Premier League","Manchester United","Aston Villa","1:0","(1:0; 0:0)","2016-04-16 16:00:00"
"271",9149578,"England: Premier League","Newcastle Utd","Swansea","3:0","(1:0; 2:0)","2016-04-16 16:00:00"
"272",9149579,"England: Premier League","West Brom","Watford","0:1","(0:1; 0:0)","2016-04-16 16:00:00"
"273",9150029,"England: Premier League","Chelsea","Manchester City","0:3","(0:1; 0:2)","2016-04-16 18:30:00"
"274",9308688,"England: Premier League","Bournemouth","Liverpool","1:2","(0:2; 1:0)","2016-04-17 14:30:00"
"275",9308689,"England: Premier League","Leicester","West Ham","2:2","(1:0; 1:2)","2016-04-17 14:30:00"
"276",9309100,"England: Premier League","Arsenal","Crystal Palace","1:1","(1:0; 0:1)","2016-04-17 17:00:00"
"277",9469706,"England: Premier League","Stoke City","Tottenham","0:4","(0:1; 0:3)","2016-04-18 21:00:00"
"278",2147639,"England: Premier League","Newcastle Utd","Manchester City","1:1","(1:1; 0:0)","2016-04-19 20:45:00"
"279",3783277,"England: Premier League","West Ham","Watford","3:1","(2:0; 1:1)","2016-04-20 20:45:00"
"280",3783274,"England: Premier League","Manchester United","Crystal Palace","2:0","(1:0; 1:0)","2016-04-20 21:00:00"
"281",2147638,"England: Premier League","Liverpool","Everton","4:0","(2:0; 2:0)","2016-04-20 21:00:00"
"282",3783586,"England: Premier League","Arsenal","West Brom","2:0","(2:0; 0:0)","2016-04-21 20:45:00"
"283",10248575,"England: Premier League","Manchester City","Stoke City","4:0","(2:0; 2:0)","2016-04-23 13:45:00"
"284",10248885,"England: Premier League","Aston Villa","Southampton","2:4","(1:2; 1:2)","2016-04-23 16:00:00"
"285",10248886,"England: Premier League","Bournemouth","Chelsea","1:4","(1:2; 0:2)","2016-04-23 16:00:00"
"286",10248887,"England: Premier League","Liverpool","Newcastle Utd","2:2","(2:0; 0:2)","2016-04-23 16:00:00"
"287",10395794,"England: Premier League","Sunderland","Arsenal","0:0","(0:0; 0:0)","2016-04-24 15:05:00"
"288",10396123,"England: Premier League","Leicester","Swansea","4:0","(2:0; 2:0)","2016-04-24 17:15:00"
"289",10561330,"England: Premier League","Tottenham","West Brom","1:1","(1:0; 0:1)","2016-04-25 21:00:00"
"290",11360477,"England: Premier League","Everton","Bournemouth","2:1","(1:1; 1:0)","2016-04-30 16:00:00"
"291",11360478,"England: Premier League","Newcastle Utd","Crystal Palace","1:0","(0:0; 1:0)","2016-04-30 16:00:00"
"292",11360479,"England: Premier League","Stoke City","Sunderland","1:1","(0:0; 1:1)","2016-04-30 16:00:00"
"293",11360480,"England: Premier League","Watford","Aston Villa","3:2","(1:1; 2:1)","2016-04-30 16:00:00"
"294",11360481,"England: Premier League","West Brom","West Ham","0:3","(0:2; 0:1)","2016-04-30 16:00:00"
"295",11360940,"England: Premier League","Arsenal","Norwich","1:0","(0:0; 1:0)","2016-04-30 18:30:00"
"296",11525910,"England: Premier League","Swansea","Liverpool","3:1","(2:0; 1:1)","2016-05-01 13:00:00"
"297",11526190,"England: Premier League","Manchester United","Leicester","1:1","(1:1; 0:0)","2016-05-01 15:05:00"
"298",11526325,"England: Premier League","Southampton","Manchester City","4:2","(2:1; 2:1)","2016-05-01 17:30:00"
"299",11690890,"England: Premier League","Chelsea","Tottenham","2:2","(0:2; 2:0)","2016-05-02 21:00:00"
"300",12487053,"England: Premier League","Norwich","Manchester United","0:1","(0:0; 0:1)","2016-05-07 13:45:00"
"301",12487283,"England: Premier League","Aston Villa","Newcastle Utd","0:0","(0:0; 0:0)","2016-05-07 16:00:00"
"302",12487284,"England: Premier League","Bournemouth","West Brom","1:1","(0:1; 1:0)","2016-05-07 16:00:00"
"303",12487285,"England: Premier League","Crystal Palace","Stoke City","2:1","(0:1; 2:0)","2016-05-07 16:00:00"
"304",12487286,"England: Premier League","Sunderland","Chelsea","3:2","(1:2; 2:0)","2016-05-07 16:00:00"
"305",12487287,"England: Premier League","West Ham","Swansea","1:4","(0:2; 1:2)","2016-05-07 16:00:00"
"306",12487651,"England: Premier League","Leicester","Everton","3:1","(2:0; 1:1)","2016-05-07 18:30:00"
"307",12664525,"England: Premier League","Tottenham","Southampton","1:2","(1:1; 0:1)","2016-05-08 14:30:00"
"308",12664958,"England: Premier League","Liverpool","Watford","2:0","(1:0; 1:0)","2016-05-08 17:00:00"
"309",12664959,"England: Premier League","Manchester City","Arsenal","2:2","(1:1; 1:1)","2016-05-08 17:00:00"
"310",13002780,"England: Premier League","West Ham","Manchester United","3:2","(1:0; 2:2)","2016-05-10 20:45:00"
"311",13156944,"England: Premier League","Norwich","Watford","4:2","(3:1; 1:1)","2016-05-11 20:45:00"
"312",3783276,"England: Premier League","Sunderland","Everton","3:0","(2:0; 1:0)","2016-05-11 20:45:00"
"313",3937447,"England: Premier League","Liverpool","Chelsea","1:1","(0:1; 1:0)","2016-05-11 21:00:00"
"314",13836401,"England: Premier League","Arsenal","Aston Villa","4:0","(1:0; 3:0)","2016-05-15 16:00:00"
"315",13836402,"England: Premier League","Chelsea","Leicester","1:1","(0:0; 1:1)","2016-05-15 16:00:00"
"316",13836403,"England: Premier League","Everton","Norwich","3:0","(2:0; 1:0)","2016-05-15 16:00:00"
"317",13836405,"England: Premier League","Newcastle Utd","Tottenham","5:1","(2:0; 3:1)","2016-05-15 16:00:00"
"318",13836407,"England: Premier League","Southampton","Crystal Palace","4:1","(1:0; 3:1)","2016-05-15 16:00:00"
"319",13836408,"England: Premier League","Stoke City","West Ham","2:1","(0:1; 2:0)","2016-05-15 16:00:00"
"320",13836409,"England: Premier League","Swansea","Manchester City","1:1","(1:1; 0:0)","2016-05-15 16:00:00"
"321",13836410,"England: Premier League","Watford","Sunderland","2:2","(0:1; 2:1)","2016-05-15 16:00:00"
"322",13836411,"England: Premier League","West Brom","Liverpool","1:1","(1:1; 0:0)","2016-05-15 16:00:00"
"323",13836404,"England: Premier League","Manchester United","Bournemouth","3:1","(1:0; 2:1)","2016-05-17 21:00:00"
"324",36052350,"England: Premier League","Hull City","Leicester","2:1","(1:0; 1:1)","2016-08-13 13:30:00"
"325",36052726,"England: Premier League","Burnley","Swansea","0:1","(0:0; 0:1)","2016-08-13 16:00:00"
"326",36052729,"England: Premier League","Crystal Palace","West Brom","0:1","(0:0; 0:1)","2016-08-13 16:00:00"
"327",36052732,"England: Premier League","Everton","Tottenham","1:1","(1:0; 0:1)","2016-08-13 16:00:00"
"328",36052736,"England: Premier League","Middlesbrough","Stoke City","1:1","(1:0; 0:1)","2016-08-13 16:00:00"
"329",36052739,"England: Premier League","Southampton","Watford","1:1","(0:1; 1:0)","2016-08-13 16:00:00"
"330",36053538,"England: Premier League","Manchester City","Sunderland","2:1","(1:0; 1:1)","2016-08-13 18:30:00"
"331",36352778,"England: Premier League","Bournemouth","Manchester United","1:3","(0:1; 1:2)","2016-08-14 14:30:00"
"332",36353141,"England: Premier League","Arsenal","Liverpool","3:4","(1:1; 2:3)","2016-08-14 17:00:00"
"333",36625515,"England: Premier League","Chelsea","West Ham","2:1","(0:0; 2:1)","2016-08-15 21:00:00"
"334",37799894,"England: Premier League","Manchester United","Southampton","2:0","(1:0; 1:0)","2016-08-19 21:00:00"
"335",38096187,"England: Premier League","Stoke City","Manchester City","1:4","(0:2; 1:2)","2016-08-20 13:30:00"
"336",38096569,"England: Premier League","Burnley","Liverpool","2:0","(2:0; 0:0)","2016-08-20 16:00:00"
"337",38096572,"England: Premier League","Swansea","Hull City","0:2","(0:0; 0:2)","2016-08-20 16:00:00"
"338",38096574,"England: Premier League","Tottenham","Crystal Palace","1:0","(0:0; 1:0)","2016-08-20 16:00:00"
"339",38096577,"England: Premier League","Watford","Chelsea","1:2","(0:0; 1:2)","2016-08-20 16:00:00"
"340",38096580,"England: Premier League","West Brom","Everton","1:2","(1:1; 0:1)","2016-08-20 16:00:00"
"341",38097371,"England: Premier League","Leicester","Arsenal","0:0","(0:0; 0:0)","2016-08-20 18:30:00"
"342",38384851,"England: Premier League","Sunderland","Middlesbrough","1:2","(0:2; 1:0)","2016-08-21 14:30:00"
"343",38385270,"England: Premier League","West Ham","Bournemouth","1:0","(0:0; 1:0)","2016-08-21 17:00:00"
"344",39926656,"England: Premier League","Tottenham","Liverpool","1:1","(0:1; 1:0)","2016-08-27 13:30:00"
"345",39927010,"England: Premier League","Chelsea","Burnley","3:0","(2:0; 1:0)","2016-08-27 16:00:00"
"346",39927011,"England: Premier League","Crystal Palace","Bournemouth","1:1","(0:1; 1:0)","2016-08-27 16:00:00"
"347",39927012,"England: Premier League","Everton","Stoke City","1:0","(0:0; 1:0)","2016-08-27 16:00:00"
"348",39927013,"England: Premier League","Leicester","Swansea","2:1","(1:0; 1:1)","2016-08-27 16:00:00"
"349",39927014,"England: Premier League","Southampton","Sunderland","1:1","(0:0; 1:1)","2016-08-27 16:00:00"
"350",39927015,"England: Premier League","Watford","Arsenal","1:3","(0:3; 1:0)","2016-08-27 16:00:00"
"351",39927745,"England: Premier League","Hull City","Manchester United","0:1","(0:0; 0:1)","2016-08-27 18:30:00"
"352",40186994,"England: Premier League","West Brom","Middlesbrough","0:0","(0:0; 0:0)","2016-08-28 14:30:00"
"353",40187388,"England: Premier League","Manchester City","West Ham","3:1","(2:0; 1:1)","2016-08-28 17:00:00"
"354",43812404,"England: Premier League","Manchester United","Manchester City","1:2","(1:2; 0:0)","2016-09-10 13:30:00"
"355",43813085,"England: Premier League","Arsenal","Southampton","2:1","(1:1; 1:0)","2016-09-10 16:00:00"
"356",43813088,"England: Premier League","Bournemouth","West Brom","1:0","(0:0; 1:0)","2016-09-10 16:00:00"
"357",43813093,"England: Premier League","Burnley","Hull City","1:1","(0:0; 1:1)","2016-09-10 16:00:00"
"358",43813096,"England: Premier League","Middlesbrough","Crystal Palace","1:2","(1:1; 0:1)","2016-09-10 16:00:00"
"359",43813099,"England: Premier League","Stoke City","Tottenham","0:4","(0:1; 0:3)","2016-09-10 16:00:00"
"360",43813102,"England: Premier League","West Ham","Watford","2:4","(2:2; 0:2)","2016-09-10 16:00:00"
"361",43814025,"England: Premier League","Liverpool","Leicester","4:1","(2:1; 2:0)","2016-09-10 18:30:00"
"362",44123089,"England: Premier League","Swansea","Chelsea","2:2","(0:1; 2:1)","2016-09-11 17:00:00"
"363",44418579,"England: Premier League","Sunderland","Everton","0:3","(0:0; 0:3)","2016-09-12 21:00:00"
"364",45478432,"England: Premier League","Chelsea","Liverpool","1:2","(0:2; 1:0)","2016-09-16 21:00:00"
"365",45766575,"England: Premier League","Hull City","Arsenal","1:4","(0:1; 1:3)","2016-09-17 16:00:00"
"366",45766578,"England: Premier League","Leicester","Burnley","3:0","(1:0; 2:0)","2016-09-17 16:00:00"
"367",45766581,"England: Premier League","Manchester City","Bournemouth","4:0","(2:0; 2:0)","2016-09-17 16:00:00"
"368",45766584,"England: Premier League","West Brom","West Ham","4:2","(3:0; 1:2)","2016-09-17 16:00:00"
"369",45767432,"England: Premier League","Everton","Middlesbrough","3:1","(3:1; 0:0)","2016-09-17 18:30:00"
"370",46064767,"England: Premier League","Watford","Manchester United","3:1","(1:0; 2:1)","2016-09-18 13:00:00"
"371",46065386,"England: Premier League","Crystal Palace","Stoke City","4:1","(2:0; 2:1)","2016-09-18 15:15:00"
"372",46065389,"England: Premier League","Southampton","Swansea","1:0","(0:0; 1:0)","2016-09-18 15:15:00"
"373",46065939,"England: Premier League","Tottenham","Sunderland","1:0","(0:0; 1:0)","2016-09-18 17:30:00"
"374",47775815,"England: Premier League","Manchester United","Leicester","4:1","(4:0; 0:1)","2016-09-24 13:30:00"
"375",47776460,"England: Premier League","Bournemouth","Everton","1:0","(1:0; 0:0)","2016-09-24 16:00:00"
"376",47776463,"England: Premier League","Liverpool","Hull City","5:1","(3:0; 2:1)","2016-09-24 16:00:00"
"377",47776465,"England: Premier League","Middlesbrough","Tottenham","1:2","(0:2; 1:0)","2016-09-24 16:00:00"
"378",47776466,"England: Premier League","Stoke City","West Brom","1:1","(0:0; 1:1)","2016-09-24 16:00:00"
"379",47776470,"England: Premier League","Sunderland","Crystal Palace","2:3","(1:0; 1:3)","2016-09-24 16:00:00"
"380",47776472,"England: Premier League","Swansea","Manchester City","1:3","(1:1; 0:2)","2016-09-24 16:00:00"
"381",47777308,"England: Premier League","Arsenal","Chelsea","3:0","(3:0; 0:0)","2016-09-24 18:30:00"
"382",48082394,"England: Premier League","West Ham","Southampton","0:3","(0:1; 0:2)","2016-09-25 17:00:00"
"383",48385281,"England: Premier League","Burnley","Watford","2:0","(1:0; 1:0)","2016-09-26 21:00:00"
"384",49556028,"England: Premier League","Everton","Crystal Palace","1:1","(1:0; 0:1)","2016-09-30 21:00:00"
"385",49851867,"England: Premier League","Swansea","Liverpool","1:2","(1:0; 0:2)","2016-10-01 13:30:00"
"386",49852842,"England: Premier League","Hull City","Chelsea","0:2","(0:0; 0:2)","2016-10-01 16:00:00"
"387",49852845,"England: Premier League","Sunderland","West Brom","1:1","(0:1; 1:0)","2016-10-01 16:00:00"
"388",49852848,"England: Premier League","Watford","Bournemouth","2:2","(0:1; 2:1)","2016-10-01 16:00:00"
"389",49852851,"England: Premier League","West Ham","Middlesbrough","1:1","(0:0; 1:1)","2016-10-01 16:00:00"
"390",50170489,"England: Premier League","Manchester United","Stoke City","1:1","(0:0; 1:1)","2016-10-02 13:00:00"
"391",50171323,"England: Premier League","Leicester","Southampton","0:0","(0:0; 0:0)","2016-10-02 15:15:00"
"392",50171325,"England: Premier League","Tottenham","Manchester City","2:0","(2:0; 0:0)","2016-10-02 15:15:00"
"393",50171731,"England: Premier League","Burnley","Arsenal","0:1","(0:0; 0:1)","2016-10-02 17:30:00"
"394",54074020,"England: Premier League","Chelsea","Leicester","3:0","(2:0; 1:0)","2016-10-15 13:30:00"
"395",54074839,"England: Premier League","Arsenal","Swansea","3:2","(2:1; 1:1)","2016-10-15 16:00:00"
"396",54074842,"England: Premier League","Bournemouth","Hull City","6:1","(3:1; 3:0)","2016-10-15 16:00:00"
"397",54074844,"England: Premier League","Manchester City","Everton","1:1","(0:0; 1:1)","2016-10-15 16:00:00"
"398",54074847,"England: Premier League","Stoke City","Sunderland","2:0","(2:0; 0:0)","2016-10-15 16:00:00"
"399",54074850,"England: Premier League","West Brom","Tottenham","1:1","(0:0; 1:1)","2016-10-15 16:00:00"
"400",54075612,"England: Premier League","Crystal Palace","West Ham","0:1","(0:1; 0:0)","2016-10-15 18:30:00"
"401",54371979,"England: Premier League","Middlesbrough","Watford","0:1","(0:0; 0:1)","2016-10-16 14:30:00"
"402",54372774,"England: Premier League","Southampton","Burnley","3:1","(0:0; 3:1)","2016-10-16 17:00:00"
"403",54663687,"England: Premier League","Liverpool","Manchester United","0:0","(0:0; 0:0)","2016-10-17 21:00:00"
"404",56088599,"England: Premier League","Bournemouth","Tottenham","0:0","(0:0; 0:0)","2016-10-22 13:30:00"
"405",56089476,"England: Premier League","Arsenal","Middlesbrough","0:0","(0:0; 0:0)","2016-10-22 16:00:00"
"406",56089479,"England: Premier League","Burnley","Everton","2:1","(1:0; 1:1)","2016-10-22 16:00:00"
"407",56089481,"England: Premier League","Hull City","Stoke City","0:2","(0:1; 0:1)","2016-10-22 16:00:00"
"408",56089485,"England: Premier League","Leicester","Crystal Palace","3:1","(1:0; 2:1)","2016-10-22 16:00:00"
"409",56089488,"England: Premier League","Swansea","Watford","0:0","(0:0; 0:0)","2016-10-22 16:00:00"
"410",56089491,"England: Premier League","West Ham","Sunderland","1:0","(0:0; 1:0)","2016-10-22 16:00:00"
"411",56090078,"England: Premier League","Liverpool","West Brom","2:1","(2:0; 0:1)","2016-10-22 18:30:00"
"412",56388685,"England: Premier League","Manchester City","Southampton","1:1","(0:1; 1:0)","2016-10-23 14:30:00"
"413",56389467,"England: Premier League","Chelsea","Manchester United","4:0","(2:0; 2:0)","2016-10-23 17:00:00"
"414",58103653,"England: Premier League","Sunderland","Arsenal","1:4","(0:1; 1:3)","2016-10-29 13:30:00"
"415",58104436,"England: Premier League","Manchester United","Burnley","0:0","(0:0; 0:0)","2016-10-29 16:00:00"
"416",58104439,"England: Premier League","Middlesbrough","Bournemouth","2:0","(1:0; 1:0)","2016-10-29 16:00:00"
"417",58104442,"England: Premier League","Tottenham","Leicester","1:1","(1:0; 0:1)","2016-10-29 16:00:00"
"418",58104445,"England: Premier League","Watford","Hull City","1:0","(0:0; 1:0)","2016-10-29 16:00:00"
"419",58104448,"England: Premier League","West Brom","Manchester City","0:4","(0:2; 0:2)","2016-10-29 16:00:00"
"420",58105229,"England: Premier League","Crystal Palace","Liverpool","2:4","(2:3; 0:1)","2016-10-29 18:30:00"
"421",58393890,"England: Premier League","Everton","West Ham","2:0","(0:0; 2:0)","2016-10-30 14:30:00"
"422",58394545,"England: Premier League","Southampton","Chelsea","0:2","(0:1; 0:1)","2016-10-30 17:00:00"
"423",58683023,"England: Premier League","Stoke City","Swansea","3:1","(1:1; 2:0)","2016-10-31 21:00:00"
"424",60115589,"England: Premier League","Bournemouth","Sunderland","1:2","(1:1; 0:1)","2016-11-05 16:00:00"
"425",60115592,"England: Premier League","Burnley","Crystal Palace","3:2","(2:0; 1:2)","2016-11-05 16:00:00"
"426",60115596,"England: Premier League","Manchester City","Middlesbrough","1:1","(1:0; 0:1)","2016-11-05 16:00:00"
"427",60115600,"England: Premier League","West Ham","Stoke City","1:1","(0:0; 1:1)","2016-11-05 16:00:00"
"428",60116128,"England: Premier League","Chelsea","Everton","5:0","(3:0; 2:0)","2016-11-05 18:30:00"
"429",60431858,"England: Premier League","Arsenal","Tottenham","1:1","(1:0; 0:1)","2016-11-06 13:00:00"
"430",60432797,"England: Premier League","Hull City","Southampton","2:1","(0:1; 2:0)","2016-11-06 15:15:00"
"431",60432800,"England: Premier League","Liverpool","Watford","6:1","(3:0; 3:1)","2016-11-06 15:15:00"
"432",60432849,"England: Premier League","Swansea","Manchester United","1:3","(0:3; 1:0)","2016-11-06 16:00:00"
"433",60433153,"England: Premier League","Leicester","West Brom","1:2","(0:0; 1:2)","2016-11-06 17:30:00"
"434",64214876,"England: Premier League","Manchester United","Arsenal","1:1","(0:0; 1:1)","2016-11-19 13:30:00"
